가구별 일련번호,가구구분,가구원수,취업인원수,노인가구,모자가구,맞벌이가구,일반가구,세대구분,배우자유무,가구주_가구주와의 관계,가구주_성별,가구주_연령,가구주_학력,가구주_취업여부,가구주_산업코드,가구주_직업코드,가구주_종사상지위,취업배우자,학업배우자,기타배우자,취업자녀수,학업자녀수,기타자녀수,거처구분,자동차 보유댓수,입주형태,월세평가액,전세보증금,월세,주거용 전용면적,주택소유구분,소득10분위,소득구간,가계지출,소비지출,food,sigar,cloth,life,household,health,traffic,telecom,culture,edu,lodge,service,insurance,도시/읍면부 구분,연차구분,engel,freetime,happy,years
6,2,1,1,0,0,0,1,1,3,1,1,30,8,1,J,2,5,0,0,0,0,0,0,1,0,6,400,10000,350,41,2,1,1,1281308,1180308,163525,11847,8177,409643,129128,9933,124507,69847,93977,0,139950,19775,0,1,2,13.9,8,57.5,2
20,2,1,1,0,0,0,1,1,3,1,1,59,6,1,J,2,5,0,0,0,0,0,0,1,0,6,625,15000,550,49,2,4,3,1478877,1264776,244455,128400,31433,599195,27378,5038,33692,38801,75883,0,69500,11000,0,1,6,19.3,6,31,6
22,1,2,1,0,0,0,1,1,3,1,1,33,6,1,J,2,2,0,0,0,0,0,0,2,0,4,400,120000,0,34,2,3,3,891894,766924,137758,0,83262.5,43590.5,39655,28120,75962.5,68050,21525,0,221325,47675.5,55.5,1,2,18,2.8,15.6,2
45,1,1,1,0,0,0,1,1,3,1,1,27,6,1,J,2,1,0,0,0,0,0,0,2,0,4,225,75000,0,17,2,3,3,1560439,777969,56015,0,32750,82705,24900,75000,104900,60000,36050,0,254500,51149,7699,1,1,7.2,4.6,64.4,1
58,1,2,2,0,0,1,0,1,1,1,1,42,8,1,J,2,1,0,0,0,0,0,0,2,1,1,2300,0,0,84,1,10,8,6822189,4216641.5,71118.5,166514,158781,71129,51303.5,19675,2731819.5,78708.5,272453.5,3750,537963.5,53425.5,7468,1,4,1.7,6.5,383.1,4
75,1,3,1,0,0,0,1,2,1,1,1,37,6,1,J,2,1,0,0,0,0,0,0,2,1,1,1200,0,0,55,1,6,5,1629536.667,1280680,106495,1038.333333,20848.33333,58613.33333,370425,156348.3333,115583.3333,49249.33333,42766.66667,130000,181570,47742.33333,17430.66667,1,3,8.3,3.3,40.2,3
90,1,4,1,0,0,0,1,2,1,1,1,43,6,1,J,2,1,0,0,0,0,0,0,2,1,4,1836,600000,0,109,2,10,8,2942853.5,2306883.25,139388.75,1250,355354.75,91692.75,260250,213251.5,77752.25,107861.25,101829.25,467467.75,274677.25,216107.75,31816.75,1,4,6,4.4,73.1,4
94,1,1,1,0,0,0,1,1,2,1,1,44,7,1,J,2,1,1,0,0,0,0,1,4,2,3,680,30000,580,35,1,6,5,45443115,43943105,11800,40500,47500,723900,0,0,42467076,15789,104860,0,168700,362980,350980,1,5,0,0.2,888.6,5
135,1,2,2,0,0,1,0,1,1,1,2,26,6,1,J,2,1,0,0,0,0,0,0,1,0,4,750,50000,0,24,2,9,8,2501015,1941523.5,118991.5,14860.5,368663,41482,23090.5,58669.5,255777.5,86641.5,116017,0,615475.5,241855.5,17101,1,1,6.1,6,97.5,1
158,2,2,2,0,0,1,0,1,1,1,1,47,6,1,J,2,5,0,0,0,0,0,0,4,1,1,840,0,0,56,1,9,7,1580529,845526.5,66497.5,4166.5,20041.5,24561,5681.5,14822.5,123184,45139,129315,54205,255103.5,102809.5,33111,1,5,7.9,15.3,194.5,5
159,2,2,2,0,0,1,0,1,1,1,1,32,6,1,J,5,5,0,0,0,0,0,0,4,1,1,840,0,0,60,1,4,3,2095860.5,1670368.5,70010,7158.5,517750,49983.5,57456.5,85966.5,45841.5,124314,425501,0,159716.5,126670,19370.5,1,2,4.2,25.5,607.8,2
231,2,3,2,0,0,1,0,2,1,1,1,48,6,1,J,2,5,0,0,0,0,0,0,2,1,1,3400,0,0,84,1,7,5,1524676.333,1110603.333,202776.6667,0,27886.66667,88069,9747,66034,91494.33333,73716.33333,60567.33333,339444.3333,85613.33333,65254,36438.66667,1,5,18.3,5.5,29.9,5
232,1,4,2,0,0,1,0,2,1,1,1,49,6,1,J,2,1,0,0,0,0,0,0,2,1,1,3400,0,0,84,1,10,8,2276728.5,1569174.75,98364,1550,62975,72521.25,887.5,11450,88992.5,36102.5,41111.25,791675,295720,67825.75,31856.5,1,6,6.3,2.6,41.8,6
233,1,2,2,0,0,0,1,1,3,1,2,35,6,1,J,3,1,0,0,0,0,0,0,2,1,4,3400,850000,0,84,1,10,8,3967627,2711091.5,167565,97655.5,499128,147759.5,68792,54215.5,296478.5,79257,438408,42857,497370,321605,51075.5,1,3,6.2,16.2,261.6,3
234,1,2,1,0,0,0,1,2,3,1,1,37,7,1,J,2,1,0,0,0,0,0,0,2,0,1,1800,0,0,59,1,6,4,1542161.5,1116087.5,189891.5,75000,105549,111195,19511.5,148812.5,52756.5,39055,48516.5,0,281725,44076.5,12979,1,3,17,4.3,25.5,3
248,1,1,1,0,0,0,1,1,3,1,2,29,7,1,J,3,1,0,0,0,0,0,0,1,0,6,460,6000,440,23,2,4,3,1820023,1590238,230469,66450,40902,530082,6917,156577,177903,44833,42423,0,244810,48873,0,1,2,14.5,2.7,18.4,2
252,1,1,1,0,0,0,1,1,3,1,1,39,4,1,J,3,1,0,0,0,0,0,0,1,1,6,593,1000,590,23,1,3,2,4050249,2822912,92684,800,69052,680206,55500,236800,287890,112293,82844,0,592745,612099,75210,1,4,3.3,2.9,89.4,4
258,1,1,1,0,0,0,1,1,3,1,2,36,6,1,J,2,1,0,0,0,0,0,0,1,0,6,390,90000,120,40,2,5,4,2117050,1575830,235158,1125,265965,160338,27750,62143,67500,69340,78530,0,380175,227807,12784,1,3,14.9,5,33.4,3
259,1,1,1,0,0,0,1,1,3,1,2,28,6,1,J,3,1,0,0,0,0,0,0,1,0,6,440,90000,170,50,2,4,3,2088328,1829098,224313,0,168475,213013,49463,130358,254725,35428,7375,288375,272000,185575,16820,1,1,12.3,0.4,3.3,1
264,1,1,1,0,0,0,1,1,3,1,1,29,6,1,J,3,1,0,0,0,0,0,0,1,1,6,600,10000,500,30,2,4,3,2539845,2153761,49596,66992,303560,547204,7644,158320,230600,84848,123920,0,512568,68509,17549,1,2,2.3,5.8,249.9,2
275,1,4,2,0,0,0,1,2,1,1,1,53,8,1,J,1,1,0,0,0,0,0,0,2,1,6,3500,750000,900,169,1,10,8,4128447.25,3919447.25,170060.5,2916.75,188393.25,1308532.5,911890.75,159390,170679.25,31762.25,360858.25,265000,260991.75,88972,19256.25,1,6,4.3,9.2,212.2,6
297,1,2,1,0,0,0,1,1,3,1,1,34,6,1,J,2,1,0,0,0,0,0,0,2,0,1,1200,0,0,59,1,6,4,1489027,1276364.5,60760,15750,11375,69042.5,19725,24875,298365,258067.5,232015,0,238650,47739.5,134.5,1,3,4.8,18.2,381.9,3
300,1,3,2,0,0,1,0,2,1,1,1,46,6,1,J,2,1,0,0,0,0,0,0,2,1,4,1200,350000,0,88,2,9,8,1486064.333,873047.6667,125083.3333,0,0,100863.3333,9300,140366.6667,85516.66667,45996.66667,34716.66667,0,273833.3333,57371,45837.66667,1,5,14.3,4,27.8,5
323,1,4,2,0,0,1,0,2,1,1,1,39,6,1,J,3,1,0,0,0,0,0,0,2,1,4,2480,600000,0,79,1,10,8,2348419.25,1781881.75,57272.5,16497.5,15500,43647.5,7970,41247.5,80075,31942.5,41025,1000437.5,249750,196516.75,71516.75,1,4,3.2,2.3,71.6,4
331,1,3,1,0,0,0,1,2,1,1,1,49,6,1,J,2,1,0,0,0,0,0,0,2,2,4,1950,390000,0,84,2,10,8,2352079.667,1600653.333,93768.66667,4265.666667,141236.6667,63333.33333,229519,120440,69922.33333,192527.3333,41941,222222.3333,234883.3333,186594,77002.66667,1,6,5.9,2.6,44.7,6
337,1,1,1,0,0,0,1,1,3,1,2,33,6,1,J,2,1,0,0,0,0,0,0,4,0,4,630,210000,0,63,2,8,6,5498800,3650064,172489,25185,469330,106220,177359,117490,135625,139900,993925,24250,550330,737961,160666,1,2,4.7,27.2,576.2,2
344,1,6,2,0,0,1,0,3,1,1,1,36,6,1,J,2,1,0,0,0,0,0,0,4,1,4,840,280000,0,73,2,8,6,1004034,861759.5,163842.8333,10744.83333,38828.33333,20760.83333,15966,56112.5,78798,15605.5,232645.6667,28729.16667,159278,40448.5,19452.5,1,3,19,27,142,3
365,1,4,2,0,0,1,0,2,1,1,1,46,6,1,J,3,1,0,0,0,0,0,0,2,1,4,1079,370000,0,84,2,8,7,1600818.5,1377354,214132.5,33356.5,44632.5,78291,27011.5,120282.5,224322.5,147864.5,85124.25,136814.5,154105,111416.5,9664.25,1,5,15.5,6.2,39.8,5
390,1,1,1,0,0,0,1,1,3,1,2,24,6,1,J,3,1,0,0,0,0,0,0,1,0,6,385,25000,300,22,2,3,2,1036296,827358,85979,2124,54579,301604,12023,49365,28300,44663,21573,0,158961,68187,51763,1,1,10.4,2.6,25.1,1
409,1,3,2,0,0,1,0,2,1,1,1,37,6,1,J,3,1,0,0,0,0,0,0,2,1,1,1200,0,0,60,1,9,7,1412828,763988,107454,416.6666667,66466.66667,54196.66667,44441.66667,40116.66667,63316.66667,21443,79925,63833.33333,212100,10278,6186.333333,1,3,14.1,10.5,74.4,3
410,1,3,2,0,0,1,0,2,1,1,1,37,6,1,J,3,1,0,0,0,0,0,0,2,1,1,1200,0,0,60,1,10,8,2211437.667,1354774.333,102613.3333,1500,175300,57630,24390,89718.33333,66933.33333,45163.66667,69241.66667,355500,268011.6667,98772.33333,25472.33333,1,3,7.6,5.1,67.5,3
425,1,1,1,0,0,0,1,1,3,1,1,32,6,1,J,2,1,0,0,0,0,0,0,1,0,6,312,3000,300,15,2,5,4,2295126,1311141,184716,0,7920,328832,269885,12800,78040,72410,52806,0,271754,31978,18618,1,2,14.1,4,28.6,2
427,2,1,1,0,0,0,1,1,3,1,1,32,6,1,J,2,5,0,0,0,0,0,0,1,0,6,352,3000,340,20,2,6,5,3514968,2886663,179750,95502,206071,365663,11008,140342,325100,79419,569975,283750,424998,205085,9753,1,2,6.2,19.7,317.1,2
430,1,3,2,0,0,1,0,2,1,1,1,45,6,1,J,2,1,0,0,0,0,0,0,2,2,1,2750,0,0,85,1,10,8,2968504.667,1700286.333,204203.3333,1026.666667,74272,83875,118408.3333,44569.33333,271170,48435.66667,175329.6667,404543,132768.6667,141684.3333,70616,1,5,12,10.3,85.9,5
434,1,3,1,0,0,0,1,2,1,1,1,52,6,1,J,3,1,0,0,0,0,0,0,2,1,1,2450,0,0,85,1,9,8,2144661,1357392,139216,4106.666667,78349.33333,57151.66667,27237.66667,52113.33333,160408.3333,30180,69206.66667,442750,204490,92183,40268.66667,1,6,10.3,5.1,49.7,6
452,1,2,1,0,0,0,1,1,1,1,1,33,5,1,J,2,1,0,0,0,0,0,0,4,1,4,1130,340000,0,65,2,6,4,1352532,971175,109084.5,24310.5,103071.5,54187,13986.5,45046.5,189625,52488,26893,0,269548.5,82934.5,25070,1,2,11.2,2.8,24.7,2
463,1,1,1,0,0,0,1,1,3,1,1,30,6,1,J,3,1,0,0,0,0,0,0,1,1,6,650,5000,500,33,2,3,3,1742840,1584042,97234,26269,204159,546816,3803,283444,85406,79470,6091,0,184451,66899,15292,1,2,6.1,0.4,6.3,2
465,1,2,1,0,0,0,1,2,2,1,2,50,6,1,J,2,1,1,0,0,0,1,0,1,0,4,480,160000,0,49,2,7,5,2522561.5,1057765,52872.5,19175,100850,45065.5,21244,45176.5,56100,45220,137438.5,0,379532.5,155091.5,83947.5,1,6,5,13,259.9,6
476,1,2,2,0,0,0,1,1,3,1,1,26,5,1,J,2,1,0,0,0,0,0,0,1,1,6,820,130000,300,60,2,7,5,1039734.5,790289,73114,7327.5,103956,183134,8475,3966.5,80963.5,90696,59215,0,159366,20075,2425,1,1,9.3,7.5,81,1
481,1,1,1,0,0,0,1,1,3,1,2,52,5,1,J,3,1,0,0,0,0,0,0,4,1,4,800,200000,0,52,2,3,2,1441967,752624,98727,0,103472,100918,22396,46060,150300,43547,40740,0,74658,71806,42750,1,6,13.1,5.4,41.3,6
488,2,2,2,0,0,1,0,1,1,1,1,48,4,1,J,2,5,0,0,0,1,0,0,4,1,6,2000,20000,1900,60,2,7,6,3495199.5,2669956,144846,40875,112676.5,1080177.5,71900.5,86910,165902.5,89663.5,105875.5,0,451961.5,319167.5,27465.5,1,5,5.4,4,73.1,5
507,1,1,1,0,0,0,1,1,3,1,1,29,7,1,J,2,1,0,0,0,0,0,0,1,0,6,540,1000,420,23,2,2,2,1396608,1307005,100485,68303,116950,446031,9163,27488,85872,65558,62898,0,292180,32078,2807,1,2,7.7,4.8,62.6,2
543,1,3,2,0,0,1,0,2,1,1,1,34,6,1,J,1,1,0,0,0,0,0,0,2,1,1,2000,0,0,114,1,10,8,1276755.333,883949.3333,144028.6667,13605,117841.6667,85776.66667,215223,62278.33333,40350,33445.33333,9220,0,75110.66667,87070.33333,49102,1,3,16.3,1,6.4,3
547,1,3,2,0,0,1,0,2,1,1,2,33,6,1,J,3,1,0,0,0,0,0,0,2,1,1,1500,0,0,79,1,8,7,1032656.333,768516.6667,70261,1129.333333,98782.66667,74614.66667,8340.666667,5092.666667,54822.33333,37456.33333,40726,56629.66667,141985.3333,178676.6667,15863,1,2,9.1,5.3,58,2
560,1,3,2,0,0,1,0,2,1,1,1,42,6,1,J,5,1,0,0,0,0,1,0,2,1,1,1500,0,0,140,1,9,8,1911647,1308813.667,103376.6667,0,397333.3333,76520,9666.666667,23333.33333,106146.6667,72160.66667,51894,149500,212340,106542.3333,19515.66667,1,4,7.9,4,50.2,4
568,2,1,1,0,0,0,1,1,3,1,1,23,6,1,J,2,5,0,0,0,0,0,0,5,0,6,504,10000,450,23,2,6,5,2576493,1909827,39267,50733,18333,505633,833,0,199693,131933,121433,0,822067,19900,0,1,1,2.1,6.4,309.2,1
575,1,2,1,0,0,0,1,1,3,1,1,25,6,1,J,3,1,0,0,0,0,0,0,4,0,4,267,80000,0,57,2,3,3,516955.5,431963.5,70897,13908,4237.5,38337.5,10373,36472,57959.5,7700,22415,10937.5,144262.5,14464,0,1,1,16.4,5.2,31.6,1
584,2,1,1,0,0,0,1,1,3,1,1,38,5,1,J,2,5,0,0,0,0,0,0,2,0,1,1125,0,0,85,1,6,4,1421689,986253,135174,4064,31274,162920,730,118680,57760,85610,96155,0,261890,31997,5505,1,3,13.7,9.7,71.1,3
601,1,4,2,0,0,1,0,2,1,1,2,45,6,1,J,3,1,0,0,0,0,0,0,4,1,1,726,0,0,77,1,8,6,869934.25,563379.25,41092.5,8831.25,36613.75,25346.25,1643.75,64422.5,60055.75,34762.5,19784.5,96750,103518.75,70558,64033,1,5,7.3,3.5,48.1,5
646,2,3,3,0,0,1,0,2,1,1,1,66,4,1,J,8,5,0,0,0,0,0,0,1,1,1,800,0,0,132,1,9,7,1262907.667,1025345.667,204298,1026.666667,30244.66667,72201,33339,88171.33333,104637.6667,27850.33333,90096.66667,0,179630.6667,193849.3333,19847.33333,1,6,19.9,8.8,44.1,6
691,1,3,2,0,0,1,0,2,1,1,1,37,6,1,J,3,1,0,0,0,0,0,0,2,1,4,160,290000,0,57,2,8,7,1694006.667,836794.6667,128079,0,30050,56927.66667,20806.33333,187390.3333,82093.33333,47540,28763.33333,0,194540,60604.66667,19008,1,3,15.3,3.4,22.5,3
756,1,2,2,0,0,1,0,1,1,1,1,36,6,1,J,2,1,0,0,0,0,0,0,3,1,2,600,0,0,79,2,10,8,4795227.5,4017550,220459.5,51267,116449,1232249.5,425366.5,88850,1403985.5,76314.5,43502.5,0,250735.5,108371.5,4266,1,3,5.5,1.1,19.7,3
770,1,4,2,0,0,1,0,2,1,1,2,50,6,1,J,3,1,0,0,0,0,0,0,2,1,1,700,0,0,79,1,8,6,1144869.25,762215.5,137013.5,3083,69142.5,41697,7204,66068.75,67194.75,28410.5,79181.75,147347.25,85557.75,30315,7161,1,6,18,10.4,57.8,6
785,1,3,1,0,0,0,1,2,1,1,1,35,5,1,J,7,1,0,0,0,0,0,0,4,1,4,500,150000,0,48,2,6,4,1128528.333,824727.3333,130256,4539,20752,53901,78031.33333,36097.66667,52712,46387.66667,66722.33333,42000,201177.6667,92150.33333,47620.33333,1,3,15.8,8.1,51.2,3
795,1,2,1,0,0,0,1,1,1,1,1,25,4,1,J,9,1,0,0,0,0,0,0,3,1,1,1216,0,0,64,1,5,4,3349764.5,2894056,115138.5,7512.5,25629.5,51251.5,239967,55105,1870492,70303.5,93059,17500,216274.5,131822.5,82657.5,1,1,4,3.2,80.8,1
823,1,5,1,0,0,0,1,2,1,1,1,41,6,1,J,3,1,0,0,0,0,0,0,2,2,1,3306,0,0,84,1,10,8,2161446.2,1720943,223739,19712,93350,44724,8240,18605.6,122844,16065.6,199300,316360,621428,36574.8,15440.8,1,4,13,11.6,89.1,4
970,1,1,1,0,0,0,1,1,3,1,1,32,6,1,J,2,1,0,0,0,0,0,0,6,0,4,300,55000,0,38,2,4,3,1220771,924660,96490,101017,20406,130580,16362,59387,25127,29810,24149,0,317588,103742,47623,1,2,10.4,2.6,25,2
980,1,1,1,0,0,0,1,1,3,1,1,30,6,1,J,2,1,0,0,0,0,0,0,1,0,6,400,3000,320,14,2,3,3,1396650,1173740,127009,11429,21571,377972,17676,45571,45117,66600,40854,0,379837,40104,0,1,2,10.8,3.5,32.2,2
986,2,1,1,0,0,0,1,1,3,1,1,32,6,1,J,5,5,0,0,0,0,0,0,1,0,6,450,3000,350,14,2,1,1,870974,709474,33700,0,3500,389200,2500,0,60980,59686,47228,0,108920,3760,0,1,2,4.7,6.7,140.1,2
1057,1,2,1,0,0,0,1,1,1,1,1,59,6,1,J,7,2,0,0,0,0,0,0,2,1,1,500,0,0,84,1,3,3,837065.5,489674,82048.5,6075,38133.5,75473.5,2970.5,23373.5,78655,50510,5083.5,0,71100,56251.5,39439,1,6,16.8,1,6.2,6
1212,2,4,2,0,0,1,0,2,1,1,1,45,4,1,J,7,4,0,0,0,0,0,0,4,1,1,400,0,0,59,1,10,8,1399162.5,1071775.5,162703.5,5605.75,96480.25,45590.75,54075.25,50977.25,69752.25,24569.5,52809.75,338560,107869.25,62782,26612.5,1,5,15.2,4.9,32.5,5
1229,1,3,2,0,0,1,0,2,1,1,1,53,6,1,J,2,1,0,0,0,0,0,0,2,2,1,1500,0,0,179,1,10,8,4658553,2167011,469575,16445,49000,178194,177709.3333,464925,155350,49003.33333,164783.3333,20000,201950,220076,135599.3333,1,6,21.7,7.6,35.1,6
1240,2,1,1,0,0,0,1,1,3,1,2,37,5,1,J,2,5,0,0,0,0,0,0,6,1,6,463,20000,250,24,2,1,1,2312440,2193158,166570,0,534190,338995,23611,525276,65986,70778,32105,0,232393,203254,34936,1,3,7.6,1.5,19.3,3
1401,1,3,2,0,0,1,0,2,1,1,1,36,5,1,J,3,1,0,0,0,0,0,0,2,1,1,1185,0,0,59,1,10,8,2210730.333,1366559,122038.6667,4481.333333,218634.3333,42577.66667,47010,322870.3333,51712.66667,31436.66667,28817.66667,16666.66667,314400,165913.3333,33875.66667,1,3,8.9,2.1,23.6,3
1403,1,1,1,0,0,0,1,1,3,1,2,42,6,1,J,2,1,0,0,0,0,0,0,2,0,1,1185,0,0,59,1,7,5,2388713,1515709,211324,3514,66293,118633,42181,67836,208981,35943,206007,10909,411545,132544,74219,1,4,13.9,13.6,97.5,4
1415,1,3,2,0,0,1,0,2,1,1,1,34,5,1,J,7,1,0,0,0,0,0,0,1,1,2,350,0,0,50,1,9,7,1187950,762440,123224,20426.66667,57581.66667,134201,12819,66101.66667,63573.33333,27514,36920,18833.33333,117252.3333,83992.66667,42252.66667,1,3,16.2,4.8,30,3
1474,1,2,1,0,0,0,1,1,1,1,1,61,6,1,J,2,1,0,0,0,0,0,0,2,2,1,900,0,0,84,1,7,6,2471186.5,1811759.5,304976,34725,103059,110001,106085,404513,142740.5,36845.5,247500,0,100310,221004.5,161774.5,1,6,16.8,13.7,81.2,6
1602,1,2,1,0,0,0,1,1,1,1,1,45,6,1,J,2,1,0,0,0,0,0,0,2,1,1,800,0,0,60,1,7,5,1540449.5,987083,96969.5,4063,90511,104590,68438,77881.5,110060,28805.5,37924.5,0,268945,98894.5,42963.5,1,5,9.8,3.8,39.1,5
1635,1,4,1,0,0,0,1,2,1,1,1,45,6,1,J,5,1,0,0,0,0,0,0,2,1,1,900,0,0,84,1,7,5,621651.5,378925.5,72020,1457.5,8610.75,30780.75,500,11250,72541.75,14903.25,8983.25,53797.5,72483.25,31597.25,26197.25,1,5,19,2.4,12.5,5
1712,2,1,1,0,0,0,1,1,3,1,2,48,5,1,J,2,7,0,0,0,0,0,0,2,1,5,90,25000,90,53,2,3,3,1653112,990024,246238,800,20443,189960,172792,24313,17486,80997,51670,0,99114,86211,39097,1,5,24.9,5.2,21,5
1737,1,3,2,0,0,1,0,2,1,1,1,46,7,1,J,3,1,0,0,0,0,1,0,1,1,6,400,10000,400,66,1,9,7,1848771,1390036,201406.6667,33333.33333,58566.66667,181023.3333,12700,3000,102183.3333,77796.66667,128470,229666.6667,293533.3333,68356,53156,1,5,14.5,9.2,63.8,5
1755,1,3,3,0,0,1,0,2,1,1,1,64,4,1,J,3,1,0,0,0,0,0,0,2,3,1,440,0,0,59,1,10,8,1965169,1278453.667,190251.6667,22966.66667,90500.66667,128291.3333,121361.3333,170196,170874,44035.33333,130007.3333,0,111226,98743.33333,72588,1,6,14.9,10.2,68.3,6
1795,2,3,3,0,0,1,0,2,1,1,1,50,4,1,J,7,5,0,0,0,0,0,1,2,0,4,1250,250000,0,115,1,6,5,7364188.333,7197521.667,236776.6667,11100,40186.66667,1471590,3695843.333,6600,478658.3333,43728.66667,121694,0,209733.3333,881610.6667,377.3333333,1,6,3.3,1.7,51.4,6
1812,1,2,2,0,0,1,0,1,1,1,1,42,6,1,J,2,1,0,0,0,0,0,0,2,1,1,750,0,0,84,1,7,5,2025745.5,1306869,211648,27085,139013.5,90740,85594.5,41781,89246.5,81079.5,160552,0,280471.5,99657,40110,1,4,16.2,12.3,75.9,4
1897,1,4,1,0,0,0,1,2,1,1,1,56,6,1,J,7,1,0,0,0,0,0,0,2,1,1,1830,0,0,121,1,7,5,1099656,860107,101828.25,203.25,55495.75,54797.5,10645,38258.25,77935.5,27886,37459.5,237500,122708.25,95389.25,39568.5,1,6,11.8,4.4,36.8,6
1952,1,1,1,0,0,0,1,1,3,1,2,40,5,1,J,3,1,0,0,0,0,0,0,1,0,4,350,50000,0,50,2,3,2,1344884,971976,122310,0,25302,66954,274278,78946,67730,81668,41880,0,111910,100999,58759,1,4,12.6,4.3,34.2,4
1979,1,3,1,0,0,0,1,2,1,1,1,47,6,1,J,2,1,0,0,0,0,0,0,2,2,1,1000,0,0,85,1,8,7,2068566.333,1506619.333,131433.3333,0,118663.3333,69353.33333,14700,26466.66667,171733.3333,29620.66667,50193.33333,478333.3333,318260,97862,43228.66667,1,5,8.7,3.3,38.2,5
2134,2,1,1,0,0,0,1,1,3,1,1,25,5,1,J,2,5,0,0,0,0,0,0,6,0,7,250,0,250,26,2,2,2,1160290,1043790,52265,0,223500,260310,16450,2000,31500,53440,10400,0,372550,21375,12535,1,1,5,1,19.9,1
2159,1,4,2,0,0,1,0,2,1,1,1,44,6,1,J,3,1,0,0,0,0,0,0,2,2,4,1700,390000,0,153,2,8,6,1331718,1065793.75,111410.5,3376.25,89387,85681,21779.75,20508.75,168840.25,38214.75,131176,148848.5,158147.75,88423.5,49285,1,5,10.5,12.3,117.7,5
2222,2,3,2,0,0,1,0,2,1,1,1,49,6,1,J,2,5,0,0,0,0,0,1,2,1,1,1550,0,0,103,1,6,5,1040929.333,912722.6667,266250.6667,6333.333333,81914,71611,196836.6667,39100,67466.66667,68120,11333.33333,0,53533.33333,50223.66667,45890.33333,1,6,29.2,1.2,4.3,6
2259,2,4,2,0,0,1,0,2,1,1,1,40,5,1,J,2,5,0,0,0,0,0,0,2,1,1,1447,0,0,85,1,6,4,576834.75,491508,82436.25,13872,22562.5,64643.75,12588.75,14401.75,22988.75,31904.5,14818.75,101666.75,104374.5,5249.75,387.25,1,4,16.8,3,18,4
2291,1,2,2,0,0,1,0,1,1,1,1,40,6,1,J,2,1,0,0,0,0,0,0,2,2,1,1500,0,0,85,1,10,8,2944098.5,1550341.5,117678.5,16702.5,127811,116695,133036.5,68802.5,253372.5,21159.5,140528,38916.5,269563,246076,91972.5,1,4,7.6,9.1,119.4,4
2379,1,3,2,0,0,1,0,2,1,1,1,45,6,1,J,2,1,0,0,0,0,0,0,2,1,1,1300,0,0,84,1,10,8,4109294.667,3316766,122337.6667,333.3333333,54422,54153,159500.3333,146446.6667,1936934.667,64202,82373,323435.3333,229735.6667,142892.6667,41988.33333,1,5,3.7,2.5,67.3,5
2398,1,4,1,0,0,0,1,2,1,1,1,46,6,1,J,2,1,0,0,0,0,0,0,2,1,1,784,0,0,85,1,8,7,1447872.75,1084715.25,245295,0,79948.75,37596.25,59293.25,70261.25,147769.75,21842,55601.75,181250,97287.5,88570,33392.5,1,5,22.6,5.1,22.7,5
2406,1,1,1,0,0,0,1,1,3,1,1,36,6,1,J,2,1,0,0,0,0,0,0,4,1,4,340,45000,0,33,2,5,4,2168686,1475041,251075,1690,37702,78402,14175,205553,227413,66372,132740,0,246582,213338,155956,1,3,17,9,52.9,3
2446,1,2,2,0,0,1,0,1,1,1,1,31,6,1,J,2,1,0,0,0,0,0,0,4,1,1,630,0,0,51,1,7,5,1827834.5,1379561,179959.5,380.5,94183,44882,117131.5,68550,211348.5,77048.5,85837.5,0,341066,159173.5,53212,1,2,13,6.2,47.7,2
2589,1,1,1,0,0,0,1,1,3,1,2,25,6,1,J,5,1,0,0,0,0,0,0,2,0,1,927,0,0,97,1,3,3,1700415,1444905,64700,5500,0,139920,215220,11800,52650,513400,47110,0,330979,63626,226,1,1,4.5,3.3,72.8,1
2598,1,1,1,0,0,0,1,1,3,1,1,28,5,1,J,2,1,0,0,0,0,0,0,6,1,2,850,0,0,53,2,8,6,2471875,1611830,30995,0,70050,1066076,1438,71667,110465,63637,48205,0,134717,14581,13064,1,1,1.9,3,155.5,1
2655,1,4,2,0,0,1,0,2,1,1,1,50,6,1,J,9,1,0,0,0,0,0,0,2,1,1,700,0,0,110,1,8,7,1253225.75,824677.75,124931.25,5862,28750.5,54420.75,98849.5,50075.75,61175.25,36656.25,60188.5,56333.25,181292.5,66142.25,47802.25,1,6,15.1,7.3,48.2,6
2943,1,3,1,0,0,0,1,2,1,1,1,36,4,1,J,7,1,0,0,0,0,0,0,2,1,1,800,0,0,105,1,4,3,754061.3333,647020,78228,14004.33333,28257.66667,52387.66667,107354.3333,66204,55865.66667,33861,30945.66667,0,132731.6667,47180.66667,30788,1,3,12.1,4.8,39.6,3
2959,1,4,1,0,0,0,1,2,1,1,1,48,6,1,J,7,1,0,0,0,0,0,0,2,2,4,870,250000,0,85,2,9,8,1563206.75,1025408.25,143561.5,13504.5,54253,81540.5,27297,26724,88203.5,32672.75,86099.5,283650,108933,78968.75,49643.5,1,5,14,8.4,60,5
3062,2,5,2,0,0,1,0,2,1,1,1,47,4,1,J,2,5,0,0,0,0,0,0,2,1,1,500,0,0,59,1,7,5,1709090.4,1539698.4,42522,0,0,105942,1000000,12240,100360,27947,21248,101236,103360,24843.4,24843.4,1,5,2.8,1.4,50,5
3154,1,4,2,0,0,1,0,2,1,1,1,44,6,1,J,2,1,0,0,0,0,0,0,1,1,4,400,68000,0,54,2,9,8,1015614.5,539990.75,67572.25,17518.75,32889.25,24421.5,26099.5,5487.5,32750,34973.75,68636,125923.25,82175,21544.5,4829,1,5,12.5,12.7,101.6,5
3168,2,5,1,0,0,0,1,2,1,1,1,37,6,1,J,7,5,0,0,0,0,0,0,1,1,4,350,100000,0,99,2,9,7,1147105.2,465882.2,77462.8,0,42895,29296.4,46696,35292.4,12574,27755.8,29309,58818,30280,75503,20761,1,3,16.6,6.3,37.8,3
3204,2,1,1,0,0,0,1,1,3,1,2,27,6,1,J,2,5,0,0,0,0,0,0,6,0,6,490,5000,470,35,2,10,8,8527145,7227458,258566,56276,430512,631552,74114,2528449,1204748,99600,207689,0,741626,994326,65038,1,1,3.6,2.9,80.3,1
3294,1,1,1,0,0,0,1,1,3,1,2,23,6,1,J,2,1,0,0,0,0,0,0,1,0,2,350,0,0,20,2,3,3,1890875,1330915,126130,18530,95620,401353,14350,158910,55880,37248,16623,17500,176480,212293,0,1,1,9.5,1.2,13.2,1
3295,1,1,1,0,0,0,1,1,3,1,1,29,7,1,J,2,1,0,0,0,0,0,0,1,1,4,400,42000,0,20,2,8,7,1965795,1322250,94955,0,417545,54113,21260,37970,253420,114652,28874,0,232125,67337,19304,1,2,7.2,2.2,30.4,2
3298,1,1,1,0,0,0,1,1,3,1,1,26,5,1,J,2,1,0,0,0,0,0,0,1,1,2,350,0,0,20,2,4,3,1487017,1084063,69263,26950,29633,402903,5533,18467,105267,50857,19190,0,328667,27333,0,1,1,6.4,1.8,27.7,1
3347,2,3,1,0,0,0,1,2,1,1,1,45,6,1,J,2,5,0,0,0,0,0,0,2,2,1,900,0,0,85,1,6,5,1763758.333,1378553,90491.66667,6873.333333,67492.33333,57430,66333.33333,7777.666667,146567.6667,40754.66667,41624.33333,564111,231489,57607.66667,41629.66667,1,5,6.6,3,46,5
3364,1,1,1,0,0,0,1,1,3,1,1,30,6,1,J,2,1,0,0,0,0,0,0,1,1,4,230,30000,0,16,2,3,3,1827959,1448233,137386,17656,87089,56523,18796,20263,228974,173776,127781,0,454816,125173,77530,1,2,9.5,8.8,93,2
3366,1,1,1,0,0,0,1,1,3,1,1,26,6,1,J,2,1,0,0,0,0,0,0,1,0,6,314,2000,300,20,2,3,3,1346338,1136302,67537,42618,26873,362534,12247,13394,31354,74614,267659,0,210311,27160,0,1,1,5.9,23.6,396.3,1
3473,1,3,2,0,0,1,0,2,1,1,1,42,6,1,J,2,1,0,0,0,0,0,0,2,1,1,1200,0,0,125,1,9,7,1602568.667,1091416.333,177195,26412.66667,51876,142614.6667,94607,80131.33333,89155.66667,29046,41781.66667,1080,128192,229325,45401.66667,1,4,16.2,3.8,23.6,4
3634,1,1,1,0,0,0,1,1,3,1,2,55,4,1,J,3,1,0,0,0,0,2,1,1,0,7,208,0,100,30,1,8,6,4518179,2472706,206590,0,86100,133000,66760,518850,85550,74000,248400,571500,313250,168706,79956,1,6,8.4,10,120.2,6
3746,1,4,2,0,0,1,0,2,1,1,1,51,6,1,J,2,1,0,0,0,0,0,1,2,2,1,700,0,0,84,1,10,8,1544633.5,1059465.5,134563,4385,184594.5,55990.5,21577.5,41825,78175.75,63291.5,135993.75,18062.5,181878.25,139129,59701.5,1,6,12.7,12.8,101.1,6
3772,2,3,1,0,0,0,1,2,3,1,1,47,6,1,J,2,5,0,0,0,0,0,0,2,1,1,422,0,0,71,1,7,5,805120.3333,719123,278836.3333,39405,7605.666667,68854.66667,6052.333333,955.6666667,74000,31547.33333,34609.66667,0,158855.6667,18401.33333,139,1,5,38.8,4.8,12.4,5
3879,1,2,2,0,0,1,0,1,1,1,1,35,6,1,J,2,1,0,0,0,0,0,0,2,2,4,560,120000,0,59,1,7,6,1169331.5,808435.5,106921,1266,74268,88249,14252,47644,79435,79019,53183,0,140880,123318,75961,1,3,13.2,6.6,49.7,3
3910,1,4,3,0,0,1,0,2,1,1,1,55,7,1,J,2,1,0,0,0,0,0,0,2,1,4,800,200000,0,106,1,10,8,2060184,1190416.5,173335.5,8950.75,64119.5,60418.75,24757,23240.75,93074.5,28129.75,93687.5,348180,223345,49178.25,27944.25,1,6,14.6,7.9,54,6
3939,1,4,3,0,0,1,0,2,1,1,1,50,6,1,J,3,1,0,0,0,0,0,0,2,2,1,550,0,0,85,1,10,8,1580352.25,998745.25,168267.5,36867,36998,49124.25,30790,136259.75,91213.25,28603,65533.5,145385,126969.25,82734.75,29268.25,1,6,16.8,6.6,38.9,6
3973,1,3,1,0,0,0,1,2,1,1,1,45,6,1,J,2,1,0,0,0,0,0,0,2,1,4,300,190000,0,59,2,9,7,1137513.667,649111.3333,115949,28101,32731,48840,18924.33333,21416.66667,66656.66667,48977.66667,121791,0,111375,34349.66667,20201.33333,1,5,17.9,18.8,105,5
4117,2,2,1,0,0,0,1,2,3,1,1,51,5,1,J,5,7,0,0,0,0,0,0,2,1,6,550,5000,450,59,2,6,4,1607234,1444180,339189,66680,81889,323710,16783,74990,122142.5,71999.5,81794,0,166449.5,98554,51666.5,0,6,23.5,5.7,24.1,6
4146,1,1,1,0,0,0,1,1,3,1,1,29,6,1,J,2,1,0,0,0,0,0,0,2,0,6,600,10000,400,43,2,3,2,1590383,1229532,11391,30933,44175,502219,650,4625,88750,26780,13758,0,437800,68451,226,1,2,0.9,1.1,120.8,2
4178,1,4,2,0,0,1,0,2,1,1,1,37,6,1,J,3,1,0,0,0,0,0,0,2,2,1,1530,0,0,155,1,10,8,1514123.75,1130341.25,100472.5,8265,0,69167.5,308097.5,17625,107537.5,22284.25,81424.75,181250,181645,52572.25,29524.75,1,3,8.9,7.2,81,3
4302,1,3,2,0,0,1,0,2,1,1,1,47,4,1,J,7,1,0,0,0,0,0,0,2,1,1,1175,0,0,85,1,8,6,693357.6667,482164.3333,198178.3333,0,7000,88870,7666.666667,13430,34333.33333,51666.33333,1833.333333,0,7666.666667,71519.66667,11359.66667,1,5,41.1,0.4,0.9,5
4347,2,4,1,0,0,0,1,2,1,1,1,42,7,1,J,2,5,0,0,0,0,0,0,2,2,1,1800,0,0,84,1,2,2,841095.75,726973.25,73994.75,6979,50480.5,56769.5,17880,20012.75,94372,58228.5,68708,196538.5,53491,29519,12939.75,1,4,10.2,9.5,92.9,4
4368,2,4,1,0,0,0,1,2,1,1,1,46,6,1,J,2,5,0,0,0,0,0,0,2,2,1,1400,0,0,134,1,9,8,1231648,1060406,160489,3580.5,97916.5,69504,34741,13404.5,50305,31617.25,88337.75,383850,81822.5,44838,25948,1,5,15.1,8.3,55,5
4378,1,4,1,0,0,0,1,2,1,1,1,50,6,1,J,2,1,0,0,0,0,0,0,4,1,1,963,0,0,60,1,7,5,1115732.5,892134.75,115126,8411.75,52670.75,35076.75,22924.25,107640,43583.25,20025,39349,172500,160050,114778,20480.5,1,6,12.9,4.4,34.2,6
4444,1,3,2,0,0,1,0,2,1,1,1,50,6,1,J,2,1,0,0,0,0,0,0,2,2,1,1400,0,0,85,1,9,7,1931424,1265743,155146.6667,973.3333333,311346.6667,109000,94868.33333,35396.66667,79333.33333,43986,26763.33333,206666.6667,113600,88662,18448.66667,1,6,12.3,2.1,17.3,6
4454,1,4,2,0,0,1,0,2,1,1,1,43,5,1,J,2,1,0,0,0,0,0,0,2,1,1,1200,0,0,134,1,9,7,1251164,969607,73811.25,4176,22975,80293.75,69584.5,19870.25,32477.25,77323.75,46303.5,170859,139474.5,232458.25,217277,1,4,7.6,4.8,62.7,4
4478,1,2,2,0,0,0,1,1,3,1,1,34,6,1,J,3,1,0,0,0,0,0,0,4,1,4,675,135000,0,31,2,8,6,2031700.5,1508056.5,137437.5,34050,109765,82325,28337.5,398910,186873.5,54694.5,134335.5,0,252250,89078.5,39193.5,1,3,9.1,8.9,97.7,3
4498,1,3,2,0,0,1,0,2,1,1,2,33,5,1,J,3,1,0,0,0,0,0,0,2,1,1,460,0,0,60,1,6,5,1135876.333,760788.6667,124903.3333,11466.66667,6836.666667,59096.66667,25090.33333,35348.66667,67766.66667,38741,42133.33333,0,306900,42505.33333,26338.66667,1,2,16.4,5.5,33.7,2
4522,1,3,2,0,0,1,0,2,1,1,1,38,6,1,J,2,1,0,0,0,0,0,0,2,2,1,2100,0,0,85,1,10,8,1820808.333,1397418.333,146534.3333,2079.666667,45560.33333,87724,435255.6667,24139.66667,154062.3333,24860,113389.6667,167037,117969.3333,78806.33333,25341.66667,1,3,10.5,8.1,77.4,3
4533,1,3,2,0,0,1,0,2,1,1,1,35,6,1,J,2,1,0,0,0,0,0,1,2,1,1,930,0,0,85,1,8,6,1855053,1279321,160809.3333,6163.333333,110478,61926,94370.66667,132716,168441.6667,38526,49221.33333,51290.66667,249566.6667,155811.6667,40291.66667,1,3,12.6,3.8,30.6,3
4561,1,3,1,0,0,0,1,2,1,1,1,57,6,1,J,3,1,0,0,0,0,0,0,2,2,1,1100,0,0,85,1,9,8,1209201.667,378523.3333,86428.33333,5980,28201.66667,57218.33333,5316.666667,19166.66667,51808.33333,32112.66667,11766.33333,0,30700,49824.33333,33214.33333,1,6,22.8,3.1,13.6,6
4585,1,3,2,0,0,1,0,2,1,1,1,42,5,1,J,3,1,0,0,0,0,0,0,1,1,2,600,0,0,36,1,7,6,1021525,822799.6667,167928.6667,6921.333333,96239.33333,229306.6667,35511,27701.33333,60838.66667,28386.66667,57244,0,23156.66667,89565.33333,43613.33333,1,4,20.4,7,34.1,4
4589,1,1,1,0,0,0,1,1,3,1,2,28,6,1,J,2,1,0,0,0,0,0,0,1,0,4,600,120000,0,36,2,5,4,3257804,2686244,122393,18906,344164,49813,154908,101314,246719,223592,358717,184444,547103,334171,99650,1,1,4.6,13.4,293.1,1
4633,1,2,1,0,0,0,1,1,1,1,2,30,6,1,J,2,1,0,0,0,0,0,0,1,1,4,400,120000,0,30,2,5,4,1457690.5,1156190.5,89990,35625,25150.5,100432.5,165576.5,90586.5,83080,49656.5,155911.5,1250,116729,242204,43658.5,1,2,7.8,13.5,173.3,2
4649,1,4,2,0,0,1,0,2,1,1,1,42,6,1,J,2,2,0,0,0,0,0,0,1,1,4,280,70000,0,59,2,8,6,598544.5,409439.25,72508.25,1076.75,6027.75,30511,3395,25997,36394.75,18350.25,14369.25,91166.75,81245.75,28396.75,17061.5,1,4,17.7,3.5,19.8,4
4652,1,2,2,0,0,1,0,1,1,1,1,47,6,1,J,2,1,0,0,0,0,0,0,2,0,1,800,0,0,84,1,10,8,2576219,1295192.5,383341.5,0,53996.5,114330,76360,101095,48826.5,44766.5,188821.5,0,155333.5,128321,83542.5,1,5,29.6,14.6,49.3,5
4672,1,4,3,0,0,1,0,2,1,1,1,52,4,1,J,8,1,0,0,0,0,0,0,2,1,1,2700,0,0,85,1,8,7,1362610.75,1117193.25,93513.75,2293.75,51442,55088.75,8858.75,23525,118125,48784.5,349728.5,218750,105724.5,41359,26559,1,6,8.4,31.3,374,6
4703,1,1,1,0,0,0,1,1,3,1,2,26,5,1,J,3,1,0,0,0,0,0,0,2,0,6,280,50000,82,39,2,5,4,2113534,1839148,90553,19478,152551,205305,31031,238336,106351,44549,176546,14750,300264,459434,34242,1,1,4.9,9.6,195,1
4746,1,2,1,0,0,0,1,2,3,1,2,29,6,1,J,2,1,0,0,0,0,0,0,1,1,6,750,170000,200,54,2,5,4,2052202,1691967,71306.5,0,95250,168860,37350,379685,112225,58009.5,256750,52500,198050,261981,157381,1,2,4.2,15.2,360.1,2
4791,1,4,1,0,0,0,1,2,1,1,1,46,6,1,J,2,1,0,0,0,0,0,0,2,1,1,1000,0,0,85,1,8,6,1096992.25,784331.25,173457,2240.5,47974,51738.5,29834,22894.5,47946.25,26073.25,51379.75,159838,113217.5,57738.25,26537.75,1,5,22.1,6.6,29.6,5
4812,1,1,1,0,0,0,1,1,3,1,2,26,6,1,J,2,1,0,0,0,0,0,0,1,0,6,350,10000,300,14,2,4,3,1364727,932307,182250,12920,0,376340,0,17000,52250,50290,27830,0,203300,10127,8827,1,1,19.5,3,15.3,1
4813,1,4,1,0,0,0,1,2,1,1,1,42,6,1,J,2,1,0,0,0,0,0,0,2,1,4,1133,340000,0,102,2,8,6,1410678.5,883291.5,124167.5,28067.5,44093.75,94863.75,17395,84865,50975,41250.5,21661.25,175562.5,113825,86564.75,20292.25,1,4,14.1,2.5,17.4,4
4820,1,4,1,0,0,0,1,2,1,1,1,36,8,1,J,2,2,0,0,0,0,0,0,2,2,1,1133,0,0,102,1,10,8,1614782.25,1245258.25,157042.75,31452.5,76672.25,58538,38759.75,30308.5,102129.25,39755,215477.5,183930,190247.5,120945,50192.5,1,3,12.6,17.3,137.2,3
4834,1,4,2,0,0,0,1,3,1,1,1,40,6,1,J,5,1,0,0,0,0,0,0,3,1,6,540,15000,450,53,2,8,6,620632.25,537628.25,57337,11925,8689,147801,18043,91254,31722,36406,16844.5,0,81265,36342,20791.5,1,4,10.7,3.1,29.4,4
4884,1,4,1,0,0,0,1,2,1,1,1,33,6,1,J,2,1,0,0,0,0,0,0,2,1,4,1575,235000,0,60,2,6,4,662509.25,540990.5,87373.25,3848.25,29751.25,49618.25,16862.5,26648.75,30062.5,110130.75,16105.75,77500,53398.75,39691,19106.5,1,2,16.2,3,18.4,2
4886,2,3,1,0,0,0,1,2,1,1,1,45,6,1,J,2,5,0,0,0,0,0,0,2,1,1,1575,0,0,60,1,7,6,1010503.667,824140.3333,133802.6667,36936.66667,40590,58766,40839.33333,98208,99933,37178.66667,43956,8000,153200,72730,19609.33333,1,5,16.2,5.3,32.9,5
4937,1,2,2,0,0,1,0,1,1,1,1,34,6,1,J,3,1,0,0,0,0,0,0,2,1,1,700,0,0,50,1,7,5,1954390.5,1290605.5,100069,19102.5,144500,98268,35929,20866.5,51318.5,24902,221195,121583.5,351941.5,100929.5,27771.5,1,3,7.8,17.1,221,3
4942,1,3,1,0,0,0,1,2,1,1,1,47,6,1,J,2,1,0,0,0,0,0,0,2,1,4,500,150000,0,75,2,5,4,732505,628545,179437.6667,14871.33333,33857.33333,44443.33333,4168,58822,98321.33333,36344,47842.66667,0,66299.33333,44138.33333,338.3333333,1,5,28.5,7.6,26.7,5
4972,1,4,2,0,0,1,0,2,1,1,1,37,5,1,J,3,1,0,0,0,0,0,0,2,1,1,670,0,0,49,1,7,5,863315.25,658832.25,146954.5,7917.5,46243,56704.75,14008.75,32608.25,70845.75,32702.5,35397.75,96463,85601.25,33385.75,17155.75,1,3,22.3,5.4,24.1,3
4980,2,1,1,0,0,0,1,1,3,1,1,36,6,1,J,2,5,0,0,0,0,0,0,1,1,6,430,5000,400,36,2,1,1,1384624,1308366,218848,134064,63150,453854,53156,43000,43246,48852,156576,0,62020,31600,0,1,3,16.7,12,71.5,3
4994,2,1,1,0,0,0,1,1,3,1,2,39,7,1,J,2,5,0,0,0,0,0,0,4,1,1,800,0,0,64,1,8,6,3860102,2886090,313454,429,190044,131131,172874,208831,313413,109000,736795,0,403076,307042,98529,1,4,10.9,25.5,235.1,4
4997,1,3,1,0,0,0,1,2,1,1,1,44,4,1,J,2,1,0,0,0,0,0,0,2,2,1,850,0,0,85,1,9,8,1832547,1281178.667,198249.3333,5056.666667,104752.6667,95644,22486.66667,40387.33333,150194.3333,61676.33333,113424.3333,216272.3333,139382.3333,133652.3333,183.6666667,1,5,15.5,8.9,57.2,5
5041,1,4,1,0,0,0,1,2,1,1,1,47,6,1,J,1,1,0,0,0,0,0,0,2,1,1,850,0,0,85,1,10,8,1696077.25,1149870.25,233091.25,6337.5,44596.25,65908.75,21632.25,53187.5,82931.25,29152.5,53505,316270,194878.75,48379.25,31560.5,1,5,20.3,4.7,23,5
5191,1,1,1,0,0,0,1,1,3,1,2,52,6,1,J,2,1,0,0,0,0,0,0,1,1,4,360,90000,0,43,2,4,3,1397921,914941,34278,0,99360,71882,17070,87300,208440,33000,168500,0,117960,77151,58851,0,6,3.7,18.4,491.6,6
5233,1,2,2,0,0,1,0,1,1,1,1,38,6,1,J,2,1,0,0,0,0,0,0,2,1,1,700,0,0,85,1,8,6,2046697.5,1266788,195364.5,43369,53052.5,94542.5,64739,161519,120039,36579,81130.5,0,302068,114384,50796.5,0,3,15.4,6.4,41.5,3
5291,1,2,2,0,0,1,0,1,1,1,1,39,4,1,J,3,1,0,0,0,0,0,0,2,1,6,400,5000,350,58,2,8,6,2773253,2463116.5,242450,0,305575,554725,165915,41825,814150,42883,19220,0,178350,98023.5,81523.5,1,4,9.8,0.8,7.9,4
5295,1,2,2,0,0,1,0,1,1,1,1,38,5,1,J,7,1,0,0,0,0,0,0,2,1,4,600,175000,0,76,1,8,6,1591911.5,1134136.5,93618.5,7424,195215,109995.5,48509,24144,42497.5,60237,148649.5,0,292931.5,110916,44702,1,3,8.3,13.1,158.8,3
5301,1,2,1,0,0,0,1,1,1,1,1,54,4,1,J,7,1,0,0,0,0,0,0,2,2,1,600,0,0,59,1,8,6,2872131.5,2118910,170637,89220,111237,78980,47410,353943,204785.5,55976.5,330132.5,0,485298.5,191290,119588.5,1,6,8.1,15.6,193.5,6
5373,1,1,1,0,0,0,1,1,3,1,2,32,4,1,J,3,1,0,0,0,0,0,0,1,0,6,316,3000,295,26,2,3,3,1712178,1345021,131445,6479,71318,339167,5792,145807,27983,77515,82088,160444,246833,50150,0,1,2,9.8,6.1,62.5,2
5438,1,1,1,0,0,0,1,1,3,1,2,29,6,1,J,5,1,0,0,0,0,0,0,3,1,4,300,30000,0,60,2,6,4,1634932,1298049,114840,7704,113440,105482,59248,70260,125414,184108,60894,0,325040,131619,83919,1,2,8.8,4.7,53,2
5759,1,4,2,0,0,1,0,2,1,1,1,41,6,1,J,3,1,0,0,0,0,0,0,2,1,1,700,0,0,76,1,10,8,1633505,1144363,147125.5,1869.5,147979.75,73908.5,85673.75,59901.5,127413.25,45492.25,40424.5,97270.5,190673.75,126630.5,39974.5,1,4,12.9,3.5,27.5,4
5788,1,1,1,0,0,0,1,1,3,1,1,32,6,1,J,3,1,0,0,0,0,0,0,1,1,4,450,60000,0,50,2,6,4,2628559,1725301,141398,0,114909,93088,29635,3945,186855,85036,185917,0,771902,112614,73714,1,2,8.2,10.8,131.5,2
5825,2,2,2,0,0,1,0,1,1,1,1,28,4,1,J,4,4,0,0,0,0,0,0,1,2,4,550,80000,0,50,2,7,5,3709576,3411554.5,117031,1950,807820,32285,335010,1101900,177807,66430,93050,0,479690,198581.5,135481.5,1,1,3.4,2.7,79.5,1
5867,1,1,1,0,0,0,1,1,3,1,1,26,6,1,J,2,1,0,0,0,0,0,0,1,1,6,280,1000,270,18,2,3,3,1427111,1241011,40437,57750,61900,307192,16590,1583,215733,50454,17682,0,436873,34817,0,1,1,3.3,1.4,43.7,1
5906,1,1,1,0,0,0,1,1,3,1,2,46,4,1,J,3,1,0,0,0,0,0,0,2,1,4,200,12500,0,25,2,4,3,1573385,1009477,60743,0,63856,128882,36814,929,156055,72984,33563,0,228400,227251,63635,1,5,6,3.3,55.3,5
6019,1,4,1,0,0,0,1,2,1,1,1,40,4,1,J,8,1,0,0,0,0,0,0,1,2,1,800,0,0,198,1,3,3,764771.25,651907,108077,9231.25,85456.25,28115.75,15612,27218.75,141643.75,24875,50971.25,0,123005.75,37700.75,30419.5,0,4,16.6,7.8,47.2,4
6098,1,2,1,0,1,0,0,2,3,1,2,38,6,1,J,3,1,0,0,0,0,0,0,2,1,1,550,0,0,60,1,6,5,1866142,1323018.5,236345,31913.5,151066.5,47368,6610,103075,111223.5,57395.5,72547,199155,175233.5,131086.5,26783,0,3,17.9,5.5,30.7,3
6337,2,4,2,0,0,1,0,2,1,1,1,50,5,1,J,7,5,0,0,0,0,0,0,2,1,1,600,0,0,84,1,8,7,870120.5,722912.5,121436.25,1611.25,65045,50510.75,6958.25,43670.75,24666.75,22793.25,29695.75,228973.75,79687.5,47863,15524.25,1,6,16.8,4.1,24.5,6
6609,2,4,1,0,0,0,1,2,1,1,1,48,6,1,J,2,5,0,0,0,0,0,0,2,1,1,800,0,0,84,1,9,7,1201694,931244,148206.75,4130.5,80674.5,63624.25,46482,54197.5,59258.75,23231.5,64763.75,258591,87157.75,40925.75,11281.25,0,5,15.9,7,43.7,5
6811,1,4,2,0,0,1,0,2,1,1,1,44,6,1,J,3,1,0,0,0,0,0,0,2,2,1,900,0,0,84,1,9,7,1460604.5,1142422,166624,975,41323,67987.5,118888.25,34344.5,144848.25,60278.25,98275,152341.75,191473.25,65063,44227.5,1,5,14.6,8.6,59,5
6827,1,3,2,0,0,1,0,2,1,1,1,36,6,1,J,3,1,0,0,0,0,0,0,2,1,1,1250,0,0,85,1,6,4,1160507,733524.6667,104025.6667,12949,43877.66667,80537.66667,101975.6667,66053.33333,55277.66667,22774,19537.66667,0,160611,65905.33333,19485.33333,1,3,14.2,2.7,18.8,3
6864,1,1,1,0,0,0,1,1,3,1,2,32,5,1,J,2,1,0,0,0,0,0,0,2,0,1,435,0,0,70,1,4,3,2331329,1485419,165650,29500,96800,125440,113100,18500,96700,39840,90700,120000,479400,109789,26589,1,2,11.2,6.1,54.8,2
6906,1,1,1,0,0,0,1,1,3,1,1,52,5,1,J,7,1,0,0,0,0,0,0,2,1,1,450,0,0,58,1,9,7,2591601,1080189,54132,77202,25167,102345,3113,2200,112155,26420,193917,0,427283,56257,54993,1,6,5,18,358.2,6
7149,1,2,2,0,0,1,0,1,1,1,1,53,4,1,J,9,1,0,0,0,1,0,0,1,2,1,74,0,0,66,1,9,7,2766782,1490172,131215,69000,0,47280,42500,845200,157000,62460,3405,0,56500,75612,75612,0,6,8.8,0.2,2.6,6
7465,1,2,2,0,0,1,0,1,1,1,1,55,4,1,J,3,1,0,0,0,0,0,0,2,1,4,265,44120,0,60,2,8,7,1808213,1188308,147021.5,1896.5,103857,224012,52166.5,80805.5,99364.5,103529,26406,0,230791.5,118458,88068.5,1,6,12.4,2.2,18,6
7637,1,3,2,0,0,1,0,2,1,1,1,35,6,1,J,2,1,0,0,0,0,0,0,2,2,1,700,0,0,59,1,8,6,6458947.667,5985318,126261,11833.33333,58266.66667,53254.33333,8297.666667,153439,5091675.667,15446.66667,167064.3333,109846.6667,117625.6667,72307,62973.66667,0,3,2.1,2.8,132.3,3
7969,1,3,1,0,0,0,1,2,1,1,1,38,4,1,J,4,1,0,0,0,0,0,0,2,2,1,700,0,0,85,1,6,4,1150139.333,809684,143877.6667,4794.333333,43434.66667,66109,24124.33333,149535.6667,97108.33333,43550.66667,42929.33333,30000,106200,58019.66667,31675.33333,1,3,17.8,5.3,29.8,3
8033,1,4,2,0,0,1,0,2,1,1,1,40,5,1,J,9,1,0,0,0,0,0,0,2,2,1,400,0,0,60,1,7,5,804933.25,676353.25,63430.5,5853,41826.5,42879,23761.5,31584.5,41350,122091.5,14336,166785,69130,53325.75,41630.25,1,4,9.4,2.1,22.6,4
8697,1,1,1,0,0,0,1,1,3,1,1,27,6,1,J,2,1,0,0,0,0,0,0,1,1,6,180,20000,150,35,2,5,4,1951497,1658507,35300,36333,82967,182723,0,20000,294067,71063,222700,0,525233,188120,19120,1,1,2.1,13.4,630.9,1
8717,1,5,1,0,0,0,1,2,1,1,1,42,6,1,J,2,1,0,0,0,0,0,0,2,1,1,750,0,0,105,1,8,6,867030,679716,82386.2,4054,46417.4,60880,25399.2,24688.2,25612,39190.6,68034.8,142000,98975.2,62078.6,37342,1,4,12.1,10,82.6,4
8873,2,4,2,0,0,1,0,2,1,1,1,42,6,1,J,2,4,0,0,0,0,0,0,2,2,1,642,0,0,85,1,6,5,1052166,896688.75,159497.5,10957.5,74301.5,58523,72063.25,23649.75,108903,54168.25,47830.5,148660.5,84887.5,53247,8840.5,1,4,17.8,5.3,30,4
9229,1,3,3,0,0,1,0,2,1,1,1,56,6,1,J,2,1,0,0,0,0,0,0,1,2,1,800,0,0,112,1,10,8,4701390,3435641.333,294211.6667,0,165600,35840,257193.3333,52457.66667,454876,63789.33333,760290,0,598453.3333,752930.6667,26805.66667,1,6,8.6,22.1,258.4,6
9259,1,4,2,0,0,1,0,2,1,1,1,40,5,1,J,7,1,0,0,0,0,0,0,1,2,1,600,0,0,77,1,8,6,965769.5,741922,73128.5,20199.75,34810.25,30926.5,80520.25,34566.25,68960.75,19774.75,70467.5,83156.25,200743.25,24668.25,15632,1,4,9.9,9.5,96.4,4
9262,1,4,2,0,0,1,0,2,1,1,1,56,8,1,J,3,1,0,0,0,0,0,0,4,2,1,420,0,0,76,1,9,8,1348816,997093.75,133936.25,0,22854.25,19281.25,57923.75,145685,110718.75,47525.75,23127.5,135000,210701.25,90340.25,34262.75,1,6,13.4,2.3,17.3,6
9266,1,3,3,0,0,1,0,2,1,1,1,53,6,1,J,3,1,0,0,0,0,0,1,1,1,7,420,0,420,50,2,10,8,2742641.333,2014701.333,239710,4976.666667,107666.6667,187726.6667,340,46733.33333,109333.3333,67310.33333,845483.3333,0,251866.6667,153554.3333,125221,1,6,11.9,42,352.7,6
9443,2,1,1,0,0,0,1,1,3,1,1,40,6,1,J,2,5,0,0,0,0,0,0,3,1,4,400,60000,0,50,2,3,3,1262525,1004454,131288,17954,0,98022,57824,43629,221379,107137,45696,0,123016,158509,46449,0,4,13.1,4.5,34.8,4
28,1,3,2,0,0,1,0,2,1,2,1,47,6,1,J,2,3,0,0,0,0,0,0,2,1,4,1530,370000,0,74,2,8,6,2528786,1699976.333,159102.6667,3046.666667,88110.33333,70425.33333,3871.333333,257380.3333,69444.66667,78205,385488.3333,268072,226018,90811.66667,45274.33333,1,5,9.4,22.7,242.3,5
58,1,2,2,0,0,1,0,1,1,2,2,40,7,1,J,2,1,0,0,0,0,0,0,2,1,1,2300,0,0,84,1,10,8,6822189,4216641.5,71118.5,166514,158781,71129,51303.5,19675,2731819.5,78708.5,272453.5,3750,537963.5,53425.5,7468,1,4,1.7,6.5,383.1,4
135,1,2,2,0,0,1,0,1,1,2,1,30,6,1,J,2,1,0,0,0,0,0,0,1,0,4,750,50000,0,24,2,9,8,2501015,1941523.5,118991.5,14860.5,368663,41482,23090.5,58669.5,255777.5,86641.5,116017,0,615475.5,241855.5,17101,1,2,6.1,6,97.5,2
142,1,2,2,0,0,0,1,2,2,3,1,23,5,1,J,2,1,1,0,0,1,0,0,2,1,6,500,49000,297,50,2,7,5,1308503.5,909341.5,192396.5,25156,55300,212558,21763,28400,121350,55186.5,49467.5,0,109464,38300.5,18292,1,1,21.2,5.4,25.7,1
179,2,3,2,0,0,1,0,2,1,2,2,52,7,1,J,2,1,0,0,0,0,1,0,2,0,1,2150,0,0,90,1,10,8,3564611.667,2115063.333,239232.6667,3279,95811.66667,272415,42970.66667,232393.3333,53388.33333,114574.6667,154499.6667,456194.3333,259886,190418,93049,1,6,11.3,7.3,64.6,6
233,1,2,2,0,0,0,1,1,3,8,2,37,6,1,J,2,5,0,0,0,0,0,0,2,1,4,3400,850000,0,84,1,10,8,3967627,2711091.5,167565,97655.5,499128,147759.5,68792,54215.5,296478.5,79257,438408,42857,497370,321605,51075.5,1,3,6.2,16.2,261.6,3
348,1,5,2,0,0,0,1,3,3,3,1,27,6,1,J,2,1,0,0,0,0,0,0,2,1,1,1700,0,0,85,1,10,8,1284165.4,705496.4,110462.4,2261.4,9230,63718.6,4638.6,11978.6,77182.2,37633.4,59233.4,150000,148530.4,30627.6,22888.8,1,1,15.7,8.4,53.6,1
410,1,3,2,0,0,1,0,2,1,2,2,41,6,1,J,3,1,0,0,0,0,0,0,2,1,1,1200,0,0,60,1,10,8,2211437.667,1354774.333,102613.3333,1500,175300,57630,24390,89718.33333,66933.33333,45163.66667,69241.66667,355500,268011.6667,98772.33333,25472.33333,1,4,7.6,5.1,67.5,4
487,1,2,2,0,0,1,0,1,1,2,2,41,6,1,J,3,1,0,0,0,0,0,0,4,1,6,2300,50000,2100,60,2,10,8,5796152,3878367.5,115474.5,58975,580129.5,1178923.5,31706,522581,133373.5,137000,82924.5,22500,521490,493290,65128.5,1,4,3,2.1,71.8,4
488,2,2,2,0,0,1,0,1,1,2,2,47,6,1,J,3,6,0,0,0,1,0,0,4,1,6,2000,20000,1900,60,2,7,6,3495199.5,2669956,144846,40875,112676.5,1080177.5,71900.5,86910,165902.5,89663.5,105875.5,0,451961.5,319167.5,27465.5,1,5,5.4,4,73.1,5
576,1,3,2,0,0,1,0,2,1,2,2,48,6,1,J,2,1,0,0,0,0,0,0,4,0,6,650,60000,450,57,2,6,4,967094.3333,600775,129254.3333,2660.333333,14106,175753.3333,25212.66667,25623.66667,33970.33333,33768.33333,62773,32128.66667,51981.33333,13543,10043,1,5,21.5,10.4,48.6,5
871,1,3,2,0,0,1,0,2,1,2,1,35,5,1,J,3,1,0,0,0,0,0,0,2,1,4,800,160000,0,84,2,9,8,1708141,1238653.333,151783.6667,1846,77577.66667,100391.3333,135630,45481,102447,67540.66667,65718.66667,51433.33333,338947,99857,38069,1,3,12.3,5.3,43.3,3
1093,2,2,2,0,0,0,1,2,3,3,1,27,4,1,J,7,2,0,0,0,0,0,0,5,0,6,250,10000,230,50,2,5,4,1574844.5,1245568.5,144360.5,147820,8540,170388.5,14873.5,163833.5,39125,66225,323177.5,0,50410,116815,94092,1,1,11.6,25.9,223.9,1
1194,1,2,2,0,0,1,0,1,1,2,2,30,6,1,J,2,1,0,0,0,0,0,0,2,1,1,840,0,0,60,1,9,7,2269110,1660448.5,143553.5,12780,125171.5,75907.5,53994,192295,156366.5,53916,185553.5,14833.5,502000,144077.5,29517.5,1,2,8.6,11.2,129.3,2
1401,1,3,2,0,0,1,0,2,1,2,2,35,6,1,J,3,1,0,0,0,0,0,0,2,1,1,1185,0,0,59,1,10,8,2210730.333,1366559,122038.6667,4481.333333,218634.3333,42577.66667,47010,322870.3333,51712.66667,31436.66667,28817.66667,16666.66667,314400,165913.3333,33875.66667,1,3,8.9,2.1,23.6,3
1795,2,3,3,0,0,1,0,2,1,2,2,49,6,1,J,3,6,0,0,0,0,0,1,2,0,4,1250,250000,0,115,1,6,5,7364188.333,7197521.667,236776.6667,11100,40186.66667,1471590,3695843.333,6600,478658.3333,43728.66667,121694,0,209733.3333,881610.6667,377.3333333,1,6,3.3,1.7,51.4,6
2245,1,2,2,0,0,0,1,2,3,3,1,26,6,1,J,2,1,0,0,0,0,0,0,2,1,4,900,180000,0,84,2,7,5,1205272.5,688583.5,87189.5,281.5,39295,108816,29184.5,50602,56125,76618,31192.5,0,123350,85930,47474.5,1,1,12.7,4.5,35.8,1
2283,1,5,2,0,0,1,0,2,1,2,2,39,5,1,J,2,7,0,0,0,0,0,0,2,1,1,800,0,0,59,1,9,7,932801,707413.8,88027.4,409,59301,44002,17853,37373,84970,25544,59548.6,134889.6,96029,59467.2,19186.2,1,4,12.4,8.4,67.6,4
2977,1,3,2,0,0,1,0,2,1,2,2,38,6,1,J,3,1,0,0,0,0,0,0,2,0,1,400,0,0,60,1,7,5,1139625,824930,141309.3333,15556.66667,62344.33333,47716,82362.66667,47796.66667,177402,48660,24726,0,102925,74132,43477.66667,1,3,17.1,3,17.5,3
3473,1,3,2,0,0,1,0,2,1,2,2,31,5,1,J,2,1,0,0,0,0,0,0,2,1,1,1200,0,0,125,1,9,7,1602568.667,1091416.333,177195,26412.66667,51876,142614.6667,94607,80131.33333,89155.66667,29046,41781.66667,1080,128192,229325,45401.66667,1,2,16.2,3.8,23.6,2
4297,1,2,2,0,0,0,1,2,2,3,2,27,5,1,J,2,1,1,0,0,0,0,0,2,1,1,1200,0,0,59,1,9,8,1616348,1144111.5,159794.5,3656.5,76655.5,94327.5,106667,107273,121194,35560,71594,0,220825,146565.5,67947.5,1,1,14,6.3,44.8,1
4343,1,3,2,0,0,0,1,2,3,3,2,30,6,1,J,2,1,0,0,0,0,0,0,2,0,5,600,71000,135,59,2,6,4,1374004.333,1242689.667,148618,10274.66667,77542,122346,37732.66667,148341.3333,130252.6667,32054.33333,150439.6667,26666.66667,226082.6667,132339,65495.66667,1,2,12,12.1,101.2,2
4522,1,3,2,0,0,1,0,2,1,2,2,36,6,1,J,2,1,0,0,0,0,0,0,2,2,1,2100,0,0,85,1,10,8,1820808.333,1397418.333,146534.3333,2079.666667,45560.33333,87724,435255.6667,24139.66667,154062.3333,24860,113389.6667,167037,117969.3333,78806.33333,25341.66667,1,3,10.5,8.1,77.4,3
4563,1,3,2,0,0,1,0,2,1,2,2,37,6,1,J,2,1,0,0,0,0,0,0,2,1,1,1100,0,0,85,1,10,8,2580608.333,1522001.667,210503,110896.6667,43583.33333,63830,16751.66667,31950,96695,70352.66667,65301.66667,280833.3333,418316.6667,112988.3333,82944,1,3,13.8,4.3,31,3
4613,1,4,2,0,0,1,0,2,1,2,1,45,6,1,J,3,1,0,0,0,0,0,0,2,1,6,1200,160000,100,60,2,9,8,1495176.25,1029223.75,183166.75,17580.5,91396.75,78506.75,88613.75,14701.25,73762.5,44552.75,36113.25,175154.25,137249.5,88426,32337.25,1,5,17.8,3.5,19.7,5
4652,1,2,2,0,0,1,0,1,1,2,2,41,6,1,J,2,1,0,0,0,0,0,0,2,0,1,800,0,0,84,1,10,8,2576219,1295192.5,383341.5,0,53996.5,114330,76360,101095,48826.5,44766.5,188821.5,0,155333.5,128321,83542.5,1,4,29.6,14.6,49.3,4
4732,1,3,2,0,0,1,0,2,1,2,2,39,6,1,J,3,2,0,0,0,0,0,0,2,1,1,1500,0,0,73,1,10,8,2268912,1619474.667,111095.6667,16229.33333,92346.66667,86171,50178.66667,30866.66667,37601,37802,394189.3333,402900,294669,65425.33333,18560,1,4,6.9,24.3,354.8,4
4736,2,5,3,0,0,1,0,3,1,2,1,52,6,1,J,5,1,0,0,0,0,0,0,2,2,1,700,0,0,134,1,10,8,1746175.2,1515189.4,168680.2,33308,146525,69413,27637.4,301958,144311.6,34979.6,73490,207500,179221.8,128165.4,34248.8,1,6,11.1,4.9,43.6,6
4796,2,2,1,0,0,0,1,2,3,3,1,31,6,1,J,2,1,0,0,0,0,0,0,2,1,5,141,18000,69,37,2,8,6,1582649.5,1248458.5,73527.5,10352.5,100600,95269,6760,31587.5,209710,261747.5,24204,0,418712.5,15988,140.5,1,2,5.9,1.9,32.9,2
4824,1,3,2,0,0,1,0,2,1,2,2,37,6,1,J,2,5,0,0,0,0,0,0,2,1,4,525,150000,0,59,2,8,6,1646886,997388,115896.6667,2660,66000,113756.6667,14750,18100,86140,43618.66667,103360,153333.3333,230800,48972.66667,45972.66667,1,3,11.6,10.4,89.2,3
4865,1,4,2,0,0,1,0,2,1,2,1,47,6,1,J,2,5,0,0,0,0,0,0,2,1,4,1800,38000,0,101,2,9,8,1284253,779048,190003.75,0,28053.75,53377,30855,53920,46425,20617.5,110127.5,102295,99837.5,43536,28266,1,5,24.4,14.1,58,5
4929,1,2,2,0,0,0,1,2,3,3,2,26,6,1,J,2,1,0,0,0,1,0,0,4,0,1,500,0,0,33,1,6,5,862853,735088,193855,1250,77500,48185,5440,60300,92700,83365,14671.5,0,68000,89821.5,77821.5,1,1,26.4,2,7.6,1
4937,1,2,2,0,0,1,0,1,1,2,2,30,5,1,J,3,1,0,0,0,0,0,0,2,1,1,700,0,0,50,1,7,5,1954390.5,1290605.5,100069,19102.5,144500,98268,35929,20866.5,51318.5,24902,221195,121583.5,351941.5,100929.5,27771.5,1,2,7.8,17.1,221,2
5001,1,4,2,0,0,0,1,3,3,4,1,49,4,1,J,3,1,0,0,0,0,0,0,2,1,4,850,200000,0,85,2,9,7,914547,617404.5,90357.5,4138.75,0,67587.5,8867.5,17125,45148.75,47916.5,63577,125000,86137.5,61548.75,18311.25,1,6,14.6,10.3,70.4,6
5179,2,3,2,0,0,1,0,2,1,2,2,46,7,1,J,2,5,0,0,0,0,0,0,1,1,1,966,0,0,175,1,4,3,1422486.667,1091086.667,81698.66667,76.33333333,43018,50925.33333,14085.66667,31925.33333,164683,23210,297116.6667,215042.3333,90081,79225,30991.33333,0,5,7.5,27.2,363.7,5
5233,1,2,2,0,0,1,0,1,1,2,2,36,6,1,J,2,5,0,0,0,0,0,0,2,1,1,700,0,0,85,1,8,6,2046697.5,1266788,195364.5,43369,53052.5,94542.5,64739,161519,120039,36579,81130.5,0,302068,114384,50796.5,0,3,15.4,6.4,41.5,3
9274,1,4,2,0,0,1,0,2,1,2,2,41,6,1,J,3,1,0,0,0,0,0,0,2,2,1,880,0,0,84,1,8,6,1418178.5,1147362.25,159317,1945.5,20245.75,65890.5,33769.25,67553.75,405386.75,37724.25,24499.25,0,83945.75,247084.75,31379.75,1,4,13.9,2.1,15.4,4
9350,1,2,2,0,0,0,1,2,3,3,1,33,5,1,J,8,1,0,0,0,0,0,0,2,2,1,650,0,0,60,1,7,5,1231834.5,761367.5,100711,1300.5,74470.5,63854,12320,43243,121565,47781,92870.5,0,156675,46577,28144.5,1,2,13.2,12.2,92.2,2
49,2,4,2,0,0,0,1,2,1,3,2,27,6,1,J,3,1,0,0,0,0,0,1,2,1,1,2000,0,0,110,1,9,8,1432505.75,1012047,151036.25,629.5,99808.75,96703.25,10827.75,38588.5,57517,47633,223875.75,60825,123762.75,100839.25,42283.25,1,1,14.9,22.1,148.2,1
181,1,3,3,0,0,1,0,2,1,3,1,35,6,1,J,2,1,0,0,0,0,0,0,2,1,6,2150,20000,1500,90,2,9,8,1275214.667,1104269.333,123116.6667,8176.666667,32068,570367.3333,117642.6667,31070,101566.6667,50947,13340,0,43786.66667,12187.66667,296.3333333,1,3,11.1,1.2,10.8,3
292,1,3,2,0,0,0,1,2,1,3,1,38,6,1,J,2,5,0,0,0,0,0,0,2,1,1,2300,0,0,115,1,10,8,1499520.667,767348.3333,84330.66667,0,29843,99734.33333,30926.66667,236947.3333,51256.33333,38678.33333,31694.33333,0,36383.66667,127553.6667,84125.66667,1,3,11,4.1,37.6,3
504,1,3,3,0,0,1,0,2,1,3,1,37,6,1,J,7,1,0,0,0,0,0,0,1,1,4,270,60000,0,50,1,8,7,622597.6667,389459.6667,117544.3333,160,8100,44393,3212.333333,11899.33333,72193.33333,84281.66667,3417,0,18962,25296.66667,14951,1,3,30.2,0.9,2.9,3
646,2,3,3,0,0,1,0,2,1,3,2,30,6,1,J,2,1,0,0,0,0,0,0,1,1,1,800,0,0,132,1,9,7,1262907.667,1025345.667,204298,1026.666667,30244.66667,72201,33339,88171.33333,104637.6667,27850.33333,90096.66667,0,179630.6667,193849.3333,19847.33333,1,2,19.9,8.8,44.1,2
697,1,3,2,0,0,0,1,2,1,3,1,30,6,1,J,3,1,0,0,0,1,0,0,4,1,4,880,220000,0,112,1,9,7,957285,570125.3333,92595.66667,611,48750,37367.33333,30218.33333,26483.33333,73094.33333,69991.33333,34712.66667,10833.33333,115989,29479.33333,8113.333333,1,2,16.2,6.1,37.5,2
910,1,3,3,0,0,1,0,2,1,3,2,26,6,1,J,5,2,0,0,0,1,0,0,1,0,6,250,13000,170,56,2,7,6,1076682.333,821971.6667,128300.3333,17838.33333,34083.33333,96891.66667,14155.66667,74414,61500,35162.33333,23128,100000,172630.6667,63868.33333,35730,1,1,15.6,2.8,18,1
2201,2,4,4,0,0,1,0,2,1,3,1,28,6,1,J,2,1,0,0,0,0,0,0,2,2,1,1150,0,0,85,1,9,7,1192710.75,1025037,89110.75,269.75,88319.25,61906.75,30072.5,60838.75,229030,55740.25,207285,750,103684.75,98029.5,56781.25,1,1,8.7,20.2,232.6,1
2353,1,3,2,0,0,0,1,2,1,3,1,28,7,1,J,2,1,0,0,0,1,0,0,2,1,1,800,0,0,59,1,6,5,776580.6667,538084,138076.3333,466.6666667,43435.33333,67136.66667,27220,24786,49200,71545.33333,7870.666667,0,82370.66667,25976.66667,15880,1,1,25.7,1.5,5.7,1
2376,1,3,3,0,0,1,0,2,1,3,1,24,5,1,J,7,1,0,0,0,0,0,0,2,0,1,800,0,0,84,1,9,7,1438253.333,967931,225832.6667,23788.66667,58212.66667,79019,10567,104454.3333,25013.66667,37639.66667,89695.66667,3121.333333,188702,121884.3333,41565.66667,1,1,23.3,9.3,39.7,1
2409,1,4,3,0,0,0,1,2,1,3,2,28,6,1,J,3,1,0,0,0,0,0,0,2,1,1,660,0,0,84,1,9,8,1531252.75,1051176.25,135669.5,45243.75,170275,67534.5,91887,190898.75,66906.25,44030,1062.5,0,190106.25,47563,12630.5,1,1,12.9,0.1,0.8,1
2427,1,3,2,0,0,0,1,2,1,3,2,26,4,1,J,3,2,0,0,0,0,0,0,1,0,6,500,5000,400,50,2,6,5,578880,567332.3333,76013.66667,0,4163.333333,177802,7134.666667,148739,32803.33333,51128.33333,25194,0,19928.33333,24426,8049.333333,1,1,13.4,4.4,33.1,1
3019,1,3,3,0,0,1,0,2,1,3,1,37,6,1,J,9,1,0,0,0,0,0,0,2,1,1,600,0,0,85,1,8,6,799477.6667,579526.6667,65145.33333,42925.66667,10111,60116.33333,115489,66157.66667,51914.66667,46258.33333,23574,0,65289,32545.33333,25323.33333,1,3,11.2,4.1,36.2,3
4328,1,3,2,0,0,0,1,2,1,3,2,26,6,1,J,3,1,0,0,0,0,1,0,3,0,4,290,65000,0,49,2,8,6,843775.3333,676998.6667,181625,59190,10000,25736.66667,3408.333333,91108.33333,16666.66667,42901.66667,2500,0,134800,109062,70982,1,1,26.8,0.4,1.4,1
4337,1,3,3,0,0,1,0,2,1,3,2,25,6,1,J,3,1,0,0,0,0,1,0,2,2,1,1325,0,0,101,1,10,8,1931743,1329615.333,110329,0,90400,132204.3333,10515.66667,248777.6667,142855.6667,54885.33333,34144.33333,0,344500,161003,14275.33333,1,1,8.3,2.6,30.9,1
4442,2,3,2,0,0,0,1,2,1,3,1,26,6,1,J,2,1,0,0,0,1,0,0,2,0,1,1400,0,0,85,1,5,4,1054829,937887.3333,118110.6667,150,48743.33333,59697,74631.66667,302209.6667,47793.33333,74970,19148.66667,41666.66667,96402.66667,54363.33333,39894.66667,1,1,12.6,2,16.2,1
4642,1,3,3,0,0,1,0,2,1,3,1,32,6,1,J,2,1,0,0,0,1,0,0,3,1,4,400,80000,0,59,2,9,7,1512388.333,1054870,83791.66667,23666.66667,65166.66667,40810,31471.66667,47025,115734.3333,62187,50523.66667,0,399150,135343.3333,71710,1,2,7.9,4.8,60.3,2
4651,2,3,3,0,0,1,0,2,1,3,2,32,7,1,J,3,1,0,0,0,0,1,0,2,1,1,800,0,0,84,1,10,8,1983218,923224.6667,117632.6667,0,48000,51081.66667,33882.66667,12120,136125,64948.33333,175156.6667,0,205550,78728,44365.33333,1,2,12.7,19,148.9,2
4920,1,4,4,0,0,1,0,2,1,3,1,32,6,1,J,2,1,0,0,0,0,0,0,1,1,4,800,200000,0,99,1,10,8,1030240.25,658797.25,88141,14913.5,10969,57896.5,11476.5,65146.25,120809.75,51206.25,25493,0,153882,58864,32226.5,1,2,13.4,3.9,28.9,2
5039,2,4,4,0,0,1,0,2,1,3,2,29,6,1,J,3,1,0,0,0,0,0,0,2,2,4,1170,250000,0,84,2,10,8,1027298.5,667487,84193,440,17685,52470.25,14774,13483.25,122487.25,82312.75,22653.25,150000,62275,44713.25,28305.25,1,2,12.6,3.4,26.9,2
5081,1,3,3,0,0,1,0,2,1,3,2,22,6,1,J,2,1,0,0,0,1,0,0,2,2,1,650,0,0,85,1,8,7,1235730.667,968466,122086.3333,50566,32245.66667,103987.3333,13927.66667,312142.6667,94710.66667,40708,15200.66667,0,93350,89541,36470,0,1,12.6,1.6,12.5,1
5332,1,3,2,0,0,0,1,2,1,3,2,35,6,1,J,3,1,0,0,0,0,1,0,2,2,1,600,0,0,85,1,9,8,1689630.667,1193857.667,253834,508.6666667,77270,169542.6667,169152.6667,110268,73300,85310.66667,27303.66667,10000,144994,72373.33333,38954.66667,1,3,21.3,2.3,10.8,3
5720,1,3,3,0,0,1,0,2,1,3,1,33,6,1,J,2,7,0,0,0,0,0,0,2,2,1,890,0,0,85,1,10,8,2291977,1870020.333,35420.66667,13935.33333,44693.66667,67860.33333,12222,166764,1122526.667,101001.3333,81037,0,162484.3333,62074.66667,27096,1,2,1.9,4.3,228.8,2
7565,2,3,3,0,0,1,0,2,1,3,1,33,5,1,J,3,1,0,0,0,0,0,0,1,2,1,500,0,0,66,1,4,3,1621704,1529570.667,86440,75120,28466.66667,283633.3333,6900,585200,147946.6667,24612.33333,5330,0,136866.6667,149055,124221.6667,0,2,5.7,0.3,6.2,2
7644,2,3,3,0,0,1,0,2,1,3,1,27,6,1,J,9,1,0,0,0,0,1,0,1,2,1,230,0,0,99,1,4,3,1720893.667,1373852,169040.3333,8328.333333,185974,41826.66667,38322,20109,98443.66667,88351.33333,222362.6667,11191,289154.6667,200748.6667,158763.6667,0,1,12.3,16.2,131.5,1
8876,1,3,2,0,0,0,1,2,1,3,2,29,6,1,J,2,1,0,0,0,0,0,0,2,1,1,642,0,0,85,1,10,8,1624733.667,1093039.667,159317.3333,8916.666667,51247,60661,68603.66667,82155.33333,58117.33333,32575.66667,343195.6667,0,127853,100397,40835.33333,1,2,14.6,31.4,215.4,2
541,2,4,3,0,0,0,1,2,1,3,1,23,6,1,J,2,5,0,0,0,0,0,0,2,1,1,2000,0,0,114,1,10,8,619631.75,366224,116952,1077.5,500,69670,4622.5,6950,37500,47327.25,23022.5,0,31750,26852.25,20504.75,1,1,31.9,6.3,19.7,1
6843,1,4,3,0,0,1,0,2,1,3,2,24,6,1,J,2,1,0,0,0,0,0,0,1,1,1,486,0,0,92,1,8,6,1339597.5,984241.5,185075,23937.5,21694.5,35580.5,7285.5,52697.5,86653,58415.5,114306.5,175000,153945,69651,42302,1,1,18.8,11.6,61.8,1
